,Chromosome,Start,End,score,sourceCount,Start_refseq,End_refseq,Feature,gene_id,transcript_id,Strand,transcript_name,Distance,Intragenic,Start_p53,End_p53,strand,p53RE_class,HOMER_motif.score,Number of supporting p53 ChIP-seq datasets,DHS_lenght,DHSseq,Extend_seq_ups,Extend_seq_ds,motif_seq_p53,Fwd_primer,Rev_primer,Tm_fwd,Tm_rev,Amplicon_size,Distance_from_motif_ups,Distance_from_motif_ds,GC_in_motif,No_of_GC_in_DHS
0,chr1,212596241,212596630,1000,na,212565333,212620777,transcript,ATF3,6400,+,NM_001030287,30908,Yes,212596564,212596583,-,primary.p53+p63RE,12.327,25,389,ACACTAAGGCTAACTTTCCCCTGTGTAACATAAGTGCCTACTGATCTTTATCACTAGCGTGTTAGCAAGGTTAGCATTCCACTTCTGTGATTTCACCATCCAAATATTTATGAATCAGAGAGATGTTTCTAAGAACATGTTTTCCAATTGTTTACTTTATAACAATAATAGTGTGCTTTAATTACAAAGATGACGTTTTACAACCTAAATAGAACAAGCCTCAGTTGTGTGGGAGTTCATTGCTTTGGTGATAAAAGAGAAACACAGACAGTGACTCAGGTGGAACATTCGTTTCATTTTCACTTTGTGTTTCCTTTGGTTCTACATGTCAGGACATGTAACAGAGCCAAGGCAGAAGAGTGCTGTGGGGGGTGTGAAAGTTAAAGCTA,GATTCCAAATGGCCGTTACAAGATAACTCCTATTTTCCACCTCACTTTTCTACTGC,AGGCTCTATATGCCAGAAAGAAAGGACAATGTCCCCTCTCACCCACTGGCTCCCCT,TCTGTTACATGTCCTGACATGTAGA,AGGGGAGYTAGTGGGTGAG,CAAAATAACTCCTATTTTCCACCTCA,65.99701266,63.2412613,483,84,335,No,12
1,chr1,203305841,203306870,1000,na,203305518,203309601,transcript,BTG2,16724,+,NM_006763,323,Yes,203306682,203306701,+,primary.p53+p63RE,10.849,18,1029,GGGAGCAGCTTTGGGACTCGGTGGCCCTCCTCCGACCCCCGGGGCGGCCCGCAGTCCCCAGTTTCCTGGGTCCTCCTCCCCAGCCCTGTGCTCGGGTCTCGGCCGTGGCGGTTCTGATGGGGCGCGCCCCTCTACGCTCTCGGAGGCGCAGACCCTGGTCCTGGAGTGCCAGCCCGAGTCCCCAGCTTATGCCCCTGTCTCATTACGGGCTCGTCTCCCTCGCTGGACCCTCGAGATCTTAAGACCCTCGATGGATGTTGTTGCGGGCCGCCCGGTCGGCCGAGGGGTCCCGATGAGGGAAGAAGGTGCAGTCGAGCCTTTTCAACAATTTGGAGTCCCAGTGCGGTTCTTCCTGCCGGTCGGGGTGCGCTGTGCCTGGGGTAGTCCACTGGTTGCTGACTGGCTTCAAGTTGGAATTTGGGCCCCCTTTGTGTTATCTTTGGTTCCCCTTAGCCATCTGCCACCTATTGTGGTAGGGAGGAGAGCCTCGTAGCTCGTGACCCTGCCGTGCGGGCCTTCAAGTTGGGAGGTGAAGAGATAAGCAGCCCGCTCGCTGGCTGGGGAGAGACCTCTCTCCCAGCTGTTTCTAGCTGGTTACTGTCAGTTTTGGGAAGCGATAGCCATCTCGGAACGCACCCACACAGACCCTGCCTTCTGAGGAAAACAGATGTTTCATCAAAACAACCCAGTTTTCACTCCCTTAGGCACTGCTAAGGAAGGTTCTCTGACTCTTCTGAAGGAAGCAGAGGGAACACAGGGTGGGAGGTCCAGTGACTTGCTGTGGACCCAACAATGTTGGCAGCCTTCCTGGCCCTGAAACTTCAGCTCACAGGTCTCCAGAGGCCCTGCCTGGACATGCCAGTCCCAGTCACACCCTTCCCTTGCTTTGGGGGTGTGCCAAAAGCAATACACTGGCCACTAGAGAGTACCCTAGAGCTCTAGAATCCCCTCCCAacacgcacacacacacacacacacactctctctctcacacacacacactcagtcacacacacacacacacacaca,NA,NA,AGAGGCCCTGCCTGGACATGCCAGT,GTTTTTTTTAGYTATTTGYTATTTATTGTGGTAGG,CTAAARCTCTAAAATACTCTCTAATARCCAATATAT,63.03980933,62.07211408,500,364,737,Yes,71
2,chr1,212608441,212608750,1000,na,212565333,212620777,transcript,ATF3,6400,+,NM_001030287,43108,Yes,212608528,212608547,+,quaternary.p53+p63RE,8.818,6,309,ACATCTGGCGGCTATCCCGGGCGGCTCCGGTCCTGATATGGAGAGAGAGGGCGGGCTGGTGTGTGTCTCAGTGAGCGAGGCTGGGGGAACGCGCCTGGGCTGGCTCCTCCCCGAACTTGCATCACCAGTGCCCCCTCTCTCCACCCGCCTTCGGCCCCGCCTTGGCCCCTCCTCCACCCCCCTTCCTCCGCTCCGTTCGGCCGGTTCTCCCGGGAAGCTATTAATAGCATTACGTCAGCCTGGGACTGGCAACACGGAGTAAACGACCGCGCCGCCAGCCTGAGGGCTATAAAAGGGGTGATGCAACGC,TTCAACCTAGCGGAGGGACAGATGCCAGCGCGGTGGAGTCATGCCGCTGGCTTGGGCACCATTGGTCATGCCTGGAACACGCAGCAGCGAGTACGC,TCTCCAAGCCACAGTCGCACGCAGCCAGGCGCGCACTGCACAGCTCTCTTCTCTCGCCGCCGCCCGAGCGCACCCTTCAGCCCGCGCGCCGGCCGT,GGGAACGCGCCTGGGCTGGCTCCTC,AGATGYTAGYGYGGTGGAGTTAT,CACCCCTTTTATARCCCTCA,62.44886431,62.09147242,377,141,174,Yes,31
3,chr1,180515940,180516370,1000,na,180558973,180566518,transcript,OVAAL,45576,+,NR_125716,42604,No,180516266,180516285,-,primary.p53+p63RE,12.421,23,430,TTCCGGATATCCACCGTCTTCTGGGCACTGCTGGAGTGCAAGTGGAATATACATATTGACCAGATGATGGCGGCATGGAGCTAGGTTTGGGTTCTGCCCGTGTAACGGGCTGGCTGGATTATCTTTGTTCTTTGGGTCCTTAGGCTTAGGAAAGAGAGGCCTTGCACGTTGTATGGCACAGTAAATGGAACAAATTGTTTATGTAATTATATCTTTATTTTAAACAGCAGCCAAACCCTAATTGTGTTTCTTCTTTAGACTTAGAACCCAGGAACTGAGAATAAAGACGAAAACAGGCTTTGTTAAGATGTGCTTGGTTTTAAAAAACATGCTCTGACAAGTCCACTTACTATTCTGAATGTTGTAACAATGAGAAATAAGGGTCATACAGTGTAGGCTGAGATCAACTTAGCTCTGAACCTACATCATT,CCGTGAGTTTGAATTCCACTCTGGGTGGTTCAGGA,ACTCCctttggattgttgcttttgcttttgtttgg,AAGTGGACTTGTCAGAGCATGTTTT,AAAAGYAAAAGYAATAATTTAAAGGGAGTAATGATG,CCACTCTAAATAATTCAAAATTCCRAATATCC,63.25439991,63.53805641,479,78,314,Yes,20
4,chr5,73236639,73236840,1000,na,73195289,73201961,transcript,LOC340090,53047,-,NR_134291,34679,No,73236712,73236731,+,primary.p53+p63RE,13.506,21,201,acaggattactataccatccagcaatccccactctgagtatataatacaaaggaattaaactcagtatgttgaagacatgtctgcacatgttcattgcaacattattcacaatagtcaagatacaggaacagctgggcatagtggctcatgcctgtaatcccagcacttagggaggcagaggcaggcaggttgcttgggca,caactgttagattgctattatcaaaaagatcaacgataacaagtcttagtgagggtgtggagaaatatggaacctgtacagcattggtggtattgtaaactagtacagccactttggaaaacagtatggaggttcatcaaaaaataaaaa,acatgatgaaaccctgtctctacaaaaaaaccccacaaaaattagccgggcatgatggcgcatacctgtagtcccagctactcgggaggctgaggtgagaggaacccttgaggccaggaggcagaggtggcagtgagccgagatcacacc,tgaagacatgtctgcacatgttcat,ATTAAAAAGATTAAYGATAATAAGTTTTAGTGAGGG,CCTCAAAAATTCCTCTCACCTC,63.3442663,62.01614275,445,168,200,Yes,13
5,chr6,81759960,81760170,1000,na,81745729,81752681,transcript,TENT5A,78090,-,NM_017633,7280,No,81760041,81760060,-,primary.p53+p63RE,13.638,23,210,ACTGACTAGATATGGATTGTGTTGCTGTGTTTTAAAAAAGAAGTATTTCTTGCAAACACTTATGACTTGTCTATGTCTTCTACAAGTCTGGACATGTCTTGGAACATTATCTGTGTTCTGTGGGTTACAAGGCTTGTCGAGGTCAAAGTACTCAGACATGAGACAGGCACCTTGTATACTCCAGAGAGCTAGAAATACTTGGAGATTAAG,acaatttctccctgatttccATTGAAATTCCAAAGATTTTGGTGGGTTTTTTTTTTTTGTAATTCACTGGAATTAACTCAGCAACCACATCCCACTCTATTTACTTATTGTGAGATCTTTGTGAGCAGTAGTTCGTCATCCTCAC,TCTAGTCCATGCTCAGAGTAGTGCAGAATAGTGTATGTATTTTTAATTCACTATCTTAAAAGTAAATGATAACGTTAAGAATAGTATATTTCACTTTAGTTATTATACATTTATGATTTTTTATATGAGATTTTAATGTTTCAAA,TCCAAGACATGTCCAGACTTGTAGA,NA,NA,NA,NA,NA,NA,NA,No,5
6,chr7,138164840,138165150,1000,na,138123757,138123821,transcript,MIR4468,63890,+,NR_039678,41020,No,138164909,138164928,+,primary.p53+p63RE,14.316,24,310,gcttgagttactccgtattgctttgttgcccttactgcacatgtgtcaggggatggaattttccattacgggcatgtctgggcaagtcacctgtgtaggctttcttatctgtgtggctgtgggcatgtcttaggcaagtgccgctgtgcaagttcccttatctgtgcctgcagcttgatttttctggctgttcttttgtttgaaaagattcaaccaaggacccaccataactgcctgcctgactggtttcttcctccttcctctctcaatgatatcattctccctttgttcaatcatatttcttcatcaa,tataagaaaccagttagagctgggcatctcatttgcatgagatgcgaatttctggtagctccaccccatcctcctaatgcacatgtaggccctta,acctagcataaagaatatacaaatttatgcatttgggggaggtcttcctttccttatgaaggcttccataccacgtataaataatatgtgtatga,tacgggcatgtctgggcaagtcacc,TATAAGAAATTAGTTAGAGYTGGGYATTTTATTTG,CCTTCATAAAAAAAAAAAAACCTCCCC,62.87023185,64.50770967,467,129,257,Yes,19
7,chr11,129626000,129626230,1000,na,129612120,129617269,transcript,LINC01395,13011,-,NR_120582,8732,No,129626131,129626150,+,primary.p53+p63RE,13.987,16,230,AGCACCTGCAGCACGTCAGTGCTGGTTCTCCTGTTTGACCTCCAGGCTTGCCATGGGTAAAATTGTGGACATTTCCCTAAGACAGGTGAGggttgtttctcatgttttactgttactaacaaagccaccttagacatgctcgtacatgtctttctgggcacttgtgcaagaggttctgaaggagatccctggagggggaattactgggtcagaaggtttgtgcagcttca,CTTTACACCTTTGCTCACCCTCTGCTAGGCTGACATTTCCATATTTGTTTTGTCTAGTCTTTTTTACCGTCATTCAGACGCCCATTCATTCTTCAAACACACTCCCTCCTTGTGTGCCCTCGACAGTTCTCTTCA,cctttaccaagcattgctaagctgtctccaaattgattatactggtatatactaccatcagcaagaagtcaaacctgaattctctatgttcttgccgacacttaatgtaatcagactattttttttttctaaact,cttagacatgctcgtacatgtcttt,TTGYTAGGYTGATATTTTTATATTTGTTTTGTTTAG,CTTAATAAAAATAAARCTRCACAAACCTTCTAACC,62.07215953,63.96176794,355,209,56,Yes,12
8,chr12,68808661,68809110,1000,na,68808171,68845544,transcript,MDM2,42706,+,NM_001145339,490,Yes,68808924,68808943,-,primary.p53+p63RE,10.167,28,449,ACTGGGGCTAGGCAGTCGCCGCCAGGGAGGAGGGCGGGATTTCGGACGGCTCTCGCGGCGGTGGGGGTGGGGGTGGTTCGGAGGTCTCCGCGGGAGTTCAGGGTAAAGGTCACGGGGGCCGGGGGCTGCGGGGCCGCTTCGGCGCGGGAGGTCCGGATGATCGCAGGTGCCTGTCGGGTCACTAGTGTGAACGCTGCGCGTAGTCTGGGCGGGATTGGGCCGGTTCAGTGGGCAGGTTGACTCAGCTTTTCCTCTTGAGCTGGTCAAGTTCAGACACGTTCCGAAACTGCAGTAAAAGGAGTTAAGTCCTGACTTGTCTCCAGCTGGGGCTATTTAAACCATGCATTTTCCCAGCTGTGTTCAGTGGCGATTGGAGGGTAGACCTGTGGGCACGGACGCACGCCACTTTTTCTCTGCTGATCCAGGTAAGCACCGACTTGCTTGTAGCT,acgtggctTTGCGGAGGTTTTGTTGG,TTAGTTTTAACTGTTGTTTATGTTCT,TTCGGAACGTGTCTGAACTTGACCA,AAAATTAAAGYTATAAGYAAGTYGGTGYTTATTTGG,CTAAARCTAARCAATCRCCRCCAAAAAA,63.30746763,62.01874713,456,139,234,No,39
9,chr12,64522360,64522750,1000,na,64452119,64502113,transcript,TBK1,5062,+,NM_013254,20248,No,64522397,64522416,-,primary.p53+p63RE,13.129,23,390,GGAGAAATCAGCAGGGACCCCTTTTCACTGTCCTTTAGCATGTTAGGGCATGCCCAATGCTGATGATGAAATATGTGGTTAAAAACGTTTAACCCTTTGTCCTATCCTCCCTCCTCCTCCCACTCAGCCCAGCACGTTCACAAAAGACCACGAATGTTACCCACACATAAACACTAGCACCTACCAAGTCTCTTGTCAAAAGCCATTTTAGGATTGCAGCTACCAGATTGTCTGAATGATCTGCCGCCTTAGATTTTTTTACTAAGAGGATTGAGAGTTGATTCATATAAGGACTATGAAACTTGTGTGCCAGGAGTCTCAACGCAAGAAATAAAAAAAACTGGAAGTTTCACCCACCTAAATTATCCTTTTGGCTATTGTCATAGCCAT,TTCTCCAGCTGTCAAATCTATTATTTTCCTCCCAGCTCCTGCTGGGGGGATGTGG,TCAGCTACTTGGTTTCAGCTAAAGAGGCTGGGAGGACAGAAATTTCTCTGTCCCA,CATTGGGCATGCCCTAACATGCTAA,AGYTGAAATTAAGTAGYTGAATGGYTATGATAATAG,CAAATCTATTATTTTCCTCCCARCTCC,63.62729131,64.16546334,453,318,53,Yes,17
10,chr17,68697740,68698290,1000,na,68628153,68679606,transcript,LINC01482,28703,+,NR_110825,18135,No,68697983,68698002,+,primary.p53+p63RE,13.007,18,550,tttgtcaaccatctaaaaatggaaaaccattcttcactcacaaaccatacaaagtggtagaacaaatttggcctgtgggctgtagtttgctgactcctgTCTTAGGGGATGCCTCAGTGCACCTCCTGTTGTAAGGAGATTGGAGCTAGTTTCCAAGATAGAAATGAGTAATTTTGAAGTTTCCCCAGCAATTTCAAAATCCATTTTCAGGCTAGATAACTGGTCCATGATAAGTCTGAAAAGAAACAAGCCTGGACTTGCCTGCCTAACTCCATTATGAAATCTGTGGCTTCCAGGGACCTTGAAGTCTTCCAGGTCATATTCTAGACTTTATGACCACATTTAAACCAACTTAGGGATACACAGCCCCTGTCTGTTAGAGGAAAACATACCTTAACTCCTAGAGTAAACAATTTCATCCTCATGTCCCTTAAGCACTCATTTTCACACTGGCCAGCTTTCAGGGGTGTGATGCAATCTGACTTCCTAATGTTGTGGATGAGTAGtgtaatgtaatgtaatgtaatgatgtaatgtaatgGAGAGAGTT,NA,NA,AAGAAACAAGCCTGGACTTGCCTGC,GGTAGAATAAATTTGGYTTGTGGGYTG,CACACCCCTAAAARCTARCCAA,65.04346804,62.42142366,416,161,161,Yes,17
11,chr19,47231261,47232130,1000,na,47220823,47232667,transcript,BBC3,10823,-,NM_001127242,1406,Yes,47231319,47231338,+,primary.p53+p63RE,11.754,25,869,gcccGGCGGGTCCCACGCCCCGCCCCCGCGTGACGCTACGGCCCCGCCCGCCCGCCGCGGACAAGTCAGGACTTGCAGGCGCGCGCCGCGCCCCCCCCTACCTCCGCGCCGGGGGTTTCCCTGCAGCGGGGGACGGGGCAGGGCCTAGCCCAAGGCAAGGAGGACCCAGGCGCTGTGCGGCGGGGTGTGGGGAGATCGCCCAGACACCGGGACAGTCGGACACACACACTGACTGGGACCCACAGATCCACACCCCCAGCGATGCGTACACAGACCGACCGACGGGCGTTCCAGGGTCCACAAAGTCACGTGCAGGCAGAGCCCAGAGGATGTACTCACAGACACAAGGCCACAGTCTCGCAAATCCACACCATGGACAGGGGCATGAGCACACACACTCACATACTGATGGGGCTCACACTTACACACACCCAGACGGAAATGCACAGACTCACTAACAGGGTCCCCTGGACAAGCAGACGGACACAATGACAGGGCCACACACAGTTGCAGAAACACCCACACTGATGATCACACCTGGGCCCACAAACTGTGTTCACAAACAACCCTACCGAACAGGCACCCACACCACACACACGGTGGTGCAACCACACAGACATAGGCGGAGTGCTTATCAGGAAACACAAACTTGCTGATAGGCACAGGGGacacacacatacacacagacacCTGTTACAGGGATACCTGGATACACGGCCAAATCCAAATCACACTCCCACAGGGACATACACAAATGCACTCACACAATTTCACAGCTAACACATTAAAACTATCAGAAAGTGACATTCgcccgacacggtggctcatgcctgtaatcccagcactttgggaggccaaggtgcgtggac,NA,NA,CGCGGACAAGTCAGGACTTGCAGGC,NA,NA,NA,NA,NA,NA,NA,Yes,62
12,chr19,47232361,47233110,1000,na,47220823,47232667,transcript,BBC3,10823,-,NM_001127242,306,Yes,47232567,47232586,+,primary.p53+p63RE,10.279,22,749,taaaggaaagaaaCTGACATTCAGAGACACAAACCAAATCAGACATAGAAGAAACTGACCACCCACACATGTCACAAAGTCACACCTGTGACAGCTTCTTGCTAACTGGCCCACTGCACACACGTCGGAGCATGCACACCTGGCCACACTCACCACAAATCTGGCAGGGGACCCACGTCGTGGAAGCAGCCCTGGGCACCTGGCATGGACATGCCTGGGCAGACCCCATGCCAAATTTCATCCTGTCTCATAGCTTTCCATTCCGTTTCTTTTTCAGTTTCTCATTGTTACTTCCTGCCCTGCTCTGGTTTGGTGAGTTTTGTCCTTCCTTTTTCCAAAGCCGTGGATTCCTGTCTCCTCTACACTTTCCATCCTTACTGGGTCTCACCCAATCGCAATCGCCTCACCAGAGTGACTCACCTTCCAGTGCCTAGTGTGGGGCTGGCTGAGTAAGGATGTCAGACTTCTCAAACTTGACTGCCTCCAAGTACACACTCTTAGCTCCCCCAAGAGATGCAGGTAATCTATATCTCACGTGAAATCTCCCCATTTGCAACATTGGGAACTCCTCAGCTTTCCTCCCTCTTTCACTTTCCCTCCTCTTTCGCTTTCCCCGATTATTCATTGTCCCTTCCTTCTTCCTGGTGTTTTCCAAACTGTGGGTCATGAGTAAACCATGGATTATGACATATGACATCACTTACATGGATCTTACttttttttttttttttgagacagagtctcgcgct,NA,NA,CATGGACATGCCTGGGCAGACCCCA,GATTTAYGTYGTGGAAGYAGYTTTGGG,TCATAACCCACAATTTAAAAAACACC,63.05844732,62.57918245,500,10,119,Yes,32
13,chr6,36676121,36676810,1001,na,,,transcript,CDKN1A,,+,,10,Yes,36676450,36676467,+,primary.p53+p63RE,13.509,28,689,TGAATTCCTCTGAAAGCTGACTGCCCCTATTTGGGACTCCCCAGTCTCTTTCTGAGAAATGGTGACATTGTTCCCAGCACTTCCTCTCCCTTCCTAGGCAGCTTCTGCAGCCACCACTGAGCCTTCCTCACATCCTCCTTCTTCAGGCTTGGGCTTTCCACCTTTCACCATTCCCCTACCCCATGCTGCTCCACCGCACTCTGGGGAGGGGGCTGGACTGGGCACTCTTGTCCCCCAGGCTGAGCCTCCCTCCATCCCTATGCTGCCTGCTTCCCAGGAACATGCTTGGGCAGCAGGCTGTGGCTCTGATTGGCTTTCTGGCCGTCAGGAACATGTCCCAACATGTTGAGCTCTGGCATAGAAGAGGCTGGTGGCTATTTTGTCCTTGGGCTGCCTGTTTTCAGGTGAGGAAGGGGATGGTAGGAGACAGGAGACCTCTAAAGACCCCAGGTAAACCTTAGCCTGTTACTCTGAACAGGGTATGTGATCTGCCAGCAGATCCTTGCGACAGGGCTGGGATCTGATGCATGTGTGCTTGTGTGAGTGTGTGCTGGGAGTCAGATTCTGTGTGTGACTTTTAACAGCCTGCTCCCTTGCCTTTTTCAGGGCAGAAGTCCTCCCTTAGAGTGTGTCTGGGTACACATTCAAGTGCATGGTTGCAAACTTTTTTTTTTAAAGCACTGAATAGTA,NA,NA,AGGAACATGTCCCAACATGTTGAG,AGTTTTTTTTTGAGAAATGGTGATATTGTTTTTAG,CACACAARCACACATRCATCAAATCC,63.64473462,62.7285717,500,252,173,No,48
14,chr5,163437881,163438190,1002,na,,,transcript,CCNG1,,,,,Yes,163437927,163437944,+,,,,309,CCCGCGCCCTTTTCCACACTAAACTCTACCGCTGTTGTGAGCACAAGCCCAGGCTAGTCCGAGGCTGGAGGGGCGGAGCCGGATCCGGCCTCCTGAGGTGCCTTTCGTGTCTGCCGACCCAGTCCCAGGGACTAGCCTGGGGAGGAAGAATGGAACCCCTGCAGTTAGAGGTTCCTCACATGACTAGCTCTGAAGACCTCCTGCCTTCCTGTCTTTAGTTGGTGTGGGAGGGACCTTCCATGTATCCAGGGCTTAGCTTGTGCCCGGGACATGGTTGTGTTATGCACACTTAAATCAATG,AGCTGCAGTCTCTGTCAAGGTGAGTGGGACTGCGCGGGAGTTGACCGCCAGGTGCGGGTGGGGAGCTGGGTTGGGGGCGCGGGGCGAGGAGTAGGTCTGG,GAATTCCCAGGTTCATCTTTCAGACTAGGTTAGCAACAACCCACCGCACCCCCCCGCCCCAATACGTGCTCCTAATGTCACCTTTTAAGTTTCCTTTCCT,GAGCACAAGCCCAGGCTAGTCCGA,AGYTGYAGTTTTTGTTAAGGTGAGTGG,CTAACCTAATCTAAAAAATAAACCTAAAAATTCC,64.49083579,63.16467926,433,119,236,Yes,20
